order,slug,file,size,dimensions,quality
01,collective-bikes-2026,collective-bikes-2026-work-preview.webp,148.4KB,928x1160,q63
02,rebekka-ruetz-aw26,rebekka-ruetz-aw26-work-preview.webp,50.4KB,1050x1400,q88
03,stays-essentials-aw26,stays-essentials-aw26-work-preview.webp,89.0KB,1050x1400,q88
04,seeds-management-2025,seeds-management-2025-work-preview.webp,98.0KB,1050x1400,q88
05,two-management-ny-2025,two-management-ny-2025-work-preview.webp,148.3KB,1050x1400,q63
06,hengdi-wang-ss26,hengdi-wang-ss26-work-preview.webp,143.9KB,1050x1400,q79
07,poet-lab-ss26,poet-lab-ss26-work-preview.webp,81.6KB,1050x1400,q88
08,meyer-optik-goerlitz-2025,meyer-optik-goerlitz-2025-work-preview.webp,127.2KB,1050x1400,q88
09,w1p-studios-ss26,w1p-studios-ss26-work-preview.webp,141.2KB,1050x1400,q87
10,vanessa-baernthol-ss26,vanessa-baernthol-ss26-work-preview.webp,125.2KB,1050x1400,q88
11,emanuel-ungaro-ss26,emanuel-ungaro-ss26-work-preview.webp,66.7KB,1050x1400,q88
12,walter-van-beirendonck-ss26,walter-van-beirendonck-ss26-work-preview.webp,139.6KB,1050x1400,q88
13,about-you-x-urban-sports-club-2025,about-you-x-urban-sports-club-2025-work-preview.webp,136.2KB,1050x1400,q81
14,poet-lab-spring-love-2025,poet-lab-spring-love-2025-work-preview.webp,143.8KB,1050x1400,q78
15,fabletics-2025,fabletics-2025-work-preview.webp,135.9KB,1120x1400,q88
16,w1p-studios-x-timo-kurz-2025,w1p-studios-x-timo-kurz-2025-work-preview.webp,62.8KB,1050x1400,q88
17,footlocker-x-blockschmidt-2025,footlocker-x-blockschmidt-2025-work-preview.webp,125.8KB,1050x1400,q88

purish-x-revitalash-2026-work-preview.webp,local,<=150kb